{
    "objects": [
        {
            "id": 0,
            "x": 42.089411289895665,
            "y": 74.68002637007825,
            "z": 78.50679017947793,
            "direction": 62.05794902975305,
            "speed": 5
        }
    ],
    "area": {
        "xMax": 100,
        "yMax": 100
    },
    "range": {
        "end": 1000
    },
    "interval": 1,
    "bulkInterval": 100,
    "wait": 0.5
}